﻿{
  "name": "CleanBlue",
  "textClasses": {
    "callout": {
      "fontSize": 28
    }
  },
  "dataColors": [
    "#118DFF",
    "#12239E",
    "#135FBA",
    "#16007A",
    "#6043E0",
    "#744EC2",
    "#00494F",
    "#007181"
  ],
  "visualStyles": {
    "*": {
      "*": {
        "background": [
          {
            "transparency": 100
          }
        ]
      }
    },
    "page": {
      "*": {
        "background": [
          {			  
            "color": {
              "solid": {
                "color": "#FFFFFF"
              }
            },
            "transparency": 100
          }
        ],
        "outspace": [
          {
            "color": {
              "solid": {
                "color": "#F0F0F0"
              }
            },
            "transparency": 0
          }
        ]
      }
    }
  }
}