﻿{"name":"Old Dark Paper","textClasses":{"callout":{"fontSize":22,"color":"#E1BD8A"},"label":{"color":"#F8F6EE","fontSize":12},"title":{"color":"#F8F6EE"},"header":{"color":"#F8F6EE"}},"dataColors":["#E2BE84","#57878A","#1988B3","#A8895F","#3FA0A2","#3E839D","#736A08","#205A62","#3599B8","#DFBFBF","#4AC5BB","#5F6B6D","#FB8281","#F4D25A","#7F898A","#A4DDEE","#FDAB89","#B687AC","#28738A","#A78F8F","#168980","#293537","#BB4A4A","#B59525","#475052","#6A9FB0","#BD7150","#7B4F71","#1B4D5C","#706060","#0F5C55","#1C2325"],"visualStyles":{"*":{"*":{"background":[{"transparency":100}],"outspacePane":[{"checkboxAndApplyColor":{"solid":{"color":"#000000"}},"foregroundColor":{"solid":{"color":"#000000"}}}]}},"page":{"*":{"background":[{"color":{"solid":{"color":"#FFFFFF"}},"transparency":0}],"outspace":[{"color":{"solid":{"color":"#FFF8DE"}},"transparency":0}]}},"tableEx":{"*":{"stylePreset":[{"name":"None"}]}},"pivotTable":{"*":{"stylePreset":[{"name":"None"}]}},"slicer":{"*":{"items":[{"fontColor":{"solid":{"color":"#989898"}}}]}}},"foreground":"#F8F6EE","foregroundNeutralSecondary":"#B3B0AD"}