﻿{
  "name": "Skyly",
  "textClasses": {
    "callout": {
      "fontSize": 22
    },
    "label": {
      "fontSize": 12
    }
  },
  "dataColors": [
    "#52BEFF",
    "#FF698A",
    "#FFDD6A",
    "#DACBFF",
    "#A6E490",
    "#EBABAB",
    "#FFC870",
    "#628F95"
  ],
  "visualStyles": {
    "*": {
      "*": {
        "background": [
          {
            "transparency": 100
          }
        ]
      }
    },
    "page": {
      "*": {
        "background": [
          {
            "color": {
              "solid": {
                "color": "#FFFFFF"
              }
            },
            "transparency": 100
          }
        ],
        "outspace": [
          {
            "color": {
              "solid": {
                "color": "#7DC4EF"
              }
            },
            "transparency": 0
          }
        ]
      }
    }
  }
}