﻿{"name":"Old Dark Paper","textClasses":{"callout":{"fontSize":22,"color":"#E1BD8A"},"label":{"color":"#F8F6EE","fontSize":12},"title":{"color":"#F8F6EE"},"header":{"color":"#F8F6EE"}},"dataColors":["#E2BE84","#D0D0D0","#EEA62A","#A8895F","#57878A","#ECDD39","#736A08","#205A62"],"visualStyles":{"*":{"*":{"background":[{"transparency":100}],"outspacePane":[{"checkboxAndApplyColor":{"solid":{"color":"#000000"}},"foregroundColor":{"solid":{"color":"#000000"}}}]}},"page":{"*":{"background":[{"color":{"solid":{"color":"#FFFFFF"}},"transparency":0}],"outspace":[{"color":{"solid":{"color":"#343436"}},"transparency":0}]}},"tableEx":{"*":{"stylePreset":[{"name":"None"}]}},"pivotTable":{"*":{"stylePreset":[{"name":"None"}]}},"slicer":{"*":{"items":[{"fontColor":{"solid":{"color":"#989898"}}}]}}},"foreground":"#F8F6EE","foregroundNeutralSecondary":"#B3B0AD"}