﻿{"name":"Dark Browny","textClasses":{"callout":{"fontSize":24,"color":"#F8F6EE"},"label":{"color":"#F8F6EE","fontSize":12},"title":{"color":"#F8F6EE"},"header":{"color":"#F8F6EE"}},"dataColors":["#FF8552","#274D66","#D9D9D9","#3C6E71","#81D1D8","#E0743B","#A2624B","#C6B262"],"visualStyles":{"*":{"*":{"background":[{"transparency":100}],"outspacePane":[{"checkboxAndApplyColor":{"solid":{"color":"#000000"}},"foregroundColor":{"solid":{"color":"#000000"}}}]}},"page":{"*":{"background":[{"color":{"solid":{"color":"#FFFFFF"}},"transparency":0}],"outspace":[{"color":{"solid":{"color":"#343436"}},"transparency":0}]}},"tableEx":{"*":{"stylePreset":[{"name":"None"}]}},"pivotTable":{"*":{"stylePreset":[{"name":"None"}]}},"slicer":{"*":{"items":[{"fontColor":{"solid":{"color":"#989898"}}}]}}},"foreground":"#F8F6EE","foregroundNeutralSecondary":"#B3B0AD"}