﻿{"name":"Clean Dark","textClasses":{"callout":{"fontSize":24,"color":"#F8F6EE"},"label":{"color":"#F8F6EE","fontSize":12},"title":{"color":"#F8F6EE"},"header":{"color":"#F8F6EE"}},"dataColors":["#F17825","#A73F40","#A7764C","#EDB954","#A25C6E","#B89C70","#F9EBA8","#F2B02C"],"visualStyles":{"*":{"*":{"background":[{"transparency":100}],"outspacePane":[{"checkboxAndApplyColor":{"solid":{"color":"#000000"}},"foregroundColor":{"solid":{"color":"#000000"}}}]}},"page":{"*":{"background":[{"color":{"solid":{"color":"#FFFFFF"}},"transparency":0}],"outspace":[{"color":{"solid":{"color":"#F5F5F5"}},"transparency":0}]}},"tableEx":{"*":{"stylePreset":[{"name":"None"}]}},"pivotTable":{"*":{"stylePreset":[{"name":"None"}]}},"slicer":{"*":{"items":[{"fontColor":{"solid":{"color":"#989898"}}}]}}},"foreground":"#F8F6EE","foregroundNeutralSecondary":"#B3B0AD"}