﻿{
  "name": "Light Greylue",
  "textClasses": {
    "callout": {
      "fontSize": 22
    },
    "label": {
      "fontSize": 12
    }
  },
  "dataColors": [
    "#50B09E",
    "#5672B3",
    "#E49A4E",
    "#DF6E53",
    "#7D559B",
    "#D7BB31",
    "#C04A5F",
    "#2E7781",
    "#3599B8",
    "#DFBFBF",
    "#4AC5BB",
    "#5F6B6D"
  ],
  "visualStyles": {
    "*": {
      "*": {
        "background": [
          {
            "transparency": 100
          }
        ]
      }
    },
    "page": {
      "*": {
        "background": [
          {
            "color": {
              "solid": {
                "color": "#FFFFFF"
              }
            },
            "transparency": 100
          }
        ],
        "outspace": [
          {
            "color": {
              "solid": {
                "color": "#7DC4EF"
              }
            },
            "transparency": 0
          }
        ]
      }
    }
  }
}