﻿{"name":"Clean Dark","textClasses":{"callout":{"fontSize":24,"color":"#F8F6EE"},"label":{"color":"#F8F6EE","fontSize":12},"title":{"color":"#F8F6EE"},"header":{"color":"#F8F6EE"}},"dataColors":["#AB3C4E","#A7A7A7","#125AA2","#E98502","#A25C6E","#AA826C","#8F7A9F","#5E569D"],"visualStyles":{"*":{"*":{"background":[{"transparency":100}],"outspacePane":[{"checkboxAndApplyColor":{"solid":{"color":"#000000"}},"foregroundColor":{"solid":{"color":"#000000"}}}]}},"page":{"*":{"background":[{"color":{"solid":{"color":"#FFFFFF"}},"transparency":0}],"outspace":[{"color":{"solid":{"color":"#101018"}},"transparency":0}]}},"tableEx":{"*":{"stylePreset":[{"name":"None"}]}},"pivotTable":{"*":{"stylePreset":[{"name":"None"}]}},"slicer":{"*":{"items":[{"fontColor":{"solid":{"color":"#989898"}}}]}}},"foreground":"#F8F6EE","foregroundNeutralSecondary":"#B3B0AD"}